Imię,Nazwisko
Anna,Kowalska
Jan,Kowalski
Maria,Nowak
Piotr,Kowalski
Katarzyna,Kowalski
Tomasz,Kowalski
Agnieszka,Kowalski
Michal,Kowalski
Joanna,Kowalski
Pawel,Kowalski
Monika,Kowalski
Krzysztof,Kowalski
Ewa,Kowalski
Marek,Kowalski
Magdalena,Kowalski
Lukasz,Kowalski
Karolina,Kowalski
Jakub,Kowalski
Natalia,Kowalski
Rafal,Kowalski
Aleksandra,Kowalski
Mateusz,Kowalski
Paulina,Kowalski
Bartosz,Kowalski
Weronika,Kowalski
Damian,Kowalski
Patrycja,Kowalski
Adrian,Kowalski
Dominika,Kowalski
Sebastian,Kowalski
Sylwia,Kowalski
Szymon,Kowalski
Marta,Kowalski
Hubert,Kowalski
Aneta,Kowalski
Kamil,Kowalski
Justyna,Kowalski
Oskar,Kowalski
Renata,Kowalski
Kacper,Kowalski
Elzbieta,Kowalski
Patryk,Kowalski
Zofia,Kowalski
Maciej,Kowalski
Gabriela,Kowalski
Artur,Kowalski
Milena,Kowalski
Norbert,Kowalski
Klaudia,Kowalski
Wojciech,Kowalski
Anna,Nowak
Jan,Nowak
Maria,Nowak
Piotr,Nowak
Katarzyna,Nowak
Tomasz,Nowak
Agnieszka,Nowak
Michal,Nowak
Joanna,Nowak
Pawel,Nowak
Monika,Nowak
Krzysztof,Nowak
Ewa,Nowak
Marek,Nowak
Magdalena,Nowak
Lukasz,Nowak
Karolina,Nowak
Jakub,Nowak
Natalia,Nowak
Rafal,Nowak
Aleksandra,Nowak
Mateusz,Nowak
Paulina,Nowak
Bartosz,Nowak
Weronika,Nowak
Damian,Nowak
Patrycja,Nowak
Adrian,Nowak
Dominika,Nowak
Sebastian,Nowak
Sylwia,Nowak
Szymon,Nowak
Marta,Nowak
Hubert,Nowak
Aneta,Nowak
Kamil,Nowak
Justyna,Nowak
Oskar,Nowak
Renata,Nowak
Kacper,Nowak
Elzbieta,Nowak
Patryk,Nowak
Zofia,Nowak
Maciej,Nowak
Gabriela,Nowak
Artur,Nowak
Milena,Nowak
Norbert,Nowak
Klaudia,Nowak
Wojciech,Nowak
Anna,Wisniewski
Jan,Wisniewski
Maria,Wisniewski
Piotr,Wisniewski
Katarzyna,Wisniewski
Tomasz,Wisniewski
Agnieszka,Wisniewski
Michal,Wisniewski
Joanna,Wisniewski
Pawel,Wisniewski
Monika,Wisniewski
Krzysztof,Wisniewski
Ewa,Wisniewski
Marek,Wisniewski
Magdalena,Wisniewski
Lukasz,Wisniewski
Karolina,Wisniewski
Jakub,Wisniewski
Natalia,Wisniewski
Rafal,Wisniewski
Aleksandra,Wisniewski
Mateusz,Wisniewski
Paulina,Wisniewski
Bartosz,Wisniewski
Weronika,Wisniewski
Damian,Wisniewski
Patrycja,Wisniewski
Adrian,Wisniewski
Dominika,Wisniewski
Sebastian,Wisniewski
Sylwia,Wisniewski
Szymon,Wisniewski
Marta,Wisniewski
Hubert,Wisniewski
Aneta,Wisniewski
Kamil,Wisniewski
Justyna,Wisniewski
Oskar,Wisniewski
Renata,Wisniewski
Kacper,Wisniewski
Elzbieta,Wisniewski
Patryk,Wisniewski
Zofia,Wisniewski
Maciej,Wisniewski
Gabriela,Wisniewski
Artur,Wisniewski
Milena,Wisniewski
Norbert,Wisniewski
Klaudia,Wisniewski
Wojciech,Wisniewski
Anna,Wojcik
Jan,Wojcik
Maria,Wojcik
Piotr,Wojcik
Katarzyna,Wojcik
Tomasz,Wojcik
Agnieszka,Wojcik
Michal,Wojcik
Joanna,Wojcik
Pawel,Wojcik
Monika,Wojcik
Krzysztof,Wojcik
Ewa,Wojcik
Marek,Wojcik
Magdalena,Wojcik
Lukasz,Wojcik
Karolina,Wojcik
Jakub,Wojcik
Natalia,Wojcik
Rafal,Wojcik
Aleksandra,Wojcik
Mateusz,Wojcik
Paulina,Wojcik
Bartosz,Wojcik
Weronika,Wojcik
Damian,Wojcik
Patrycja,Wojcik
Adrian,Wojcik
Dominika,Wojcik
Sebastian,Wojcik
Sylwia,Wojcik
Szymon,Wojcik
Marta,Wojcik
Hubert,Wojcik
Aneta,Wojcik
Kamil,Wojcik
Justyna,Wojcik
Oskar,Wojcik
Renata,Wojcik
Kacper,Wojcik
Elzbieta,Wojcik
Patryk,Wojcik
Zofia,Wojcik
Maciej,Wojcik
Gabriela,Wojcik
Artur,Wojcik
Milena,Wojcik
Norbert,Wojcik
Klaudia,Wojcik
Wojciech,Wojcik